kecamatan,no,nama_rth,jenis_rth,luas_m2,lat,lon,catatan
CIPAYUNG,1,TPU PONDOK RANGGON,TPU,675032.0,-6.3595099,106.9095997,Google Maps
CIPAYUNG,2,HUTAN KOTA CILANGKAP BARU,HUTAN,100109.0,,,
CIPAYUNG,4,HUTAN KOTA CILANGKAP,HUTAN,42000.0,-6.324438,106.9073683,Google Maps
JAGAKARSA,2,TPU KAMPUNG KANDANG,TPU,229416.0,-6.3209966,106.8093741,Google Maps
JAGAKARSA,5,KB. JL. SIRSAK,KEBUN BIBIT,45830.0,,,
KEBON JERUK,2,TPU KEPA DURI,TPU,23140.0,-6.1808429,106.7737322,Google Maps
KEBON JERUK,3,KEBUN BIBIT VILLA KELAPA DUA,TAMAN,23000.0,,,
KELAPA GADING,2,KEBUN BIBIT KELAPA GADING,TAMAN,11546.1,-6.1438083,106.9116527,Google Maps
KELAPA GADING,6,TAMAN RW 014 (GADING ASRI 2),TAMAN,8500.0,,,
MENTENG,8,TAMAN SITULEMBANG,TAMAN,14700.0,-6.1977797,106.8346416,Google Maps
MENTENG,18,RUMAH DINAS JABATAN GUBERNUR,TAMAN,3184.0,-6.1987376,106.8335622,Google Maps
